emp_id,First_name,Last_name,Contact_number,email,Date_of_Birth,Address_line1,Addresss_line2,Country,Postcode,Username,Password
1001,James,Butt,7285769734,jbutt@gmail.com,23/05/1972,6649 N Blue Gum St,New Orleans,Orleans,70116,1001,root
1002,Josephine,Darakjy,7463625754,josephine_darakjy@darakjy.org,29/01/1986,4 B Blue Ridge Blvd,Brighton,Livingston,48116,1002,root
1003,Art,Venere,7476821067,art@venere.org,12/09/1995,8 W Cerritos Ave #54,Bridgeport,Gloucester,8014,1003,root
1004,Lenna,Paprocki,7496861252,lpaprocki@hotmail.com,21/12/1968,639 Main St,Anchorage,Anchorage,99501,1004,root
1005,Donette,Foller,7868496206,donette.foller@cox.net,23/04/1990,34 Center St,Hamilton,Butler,45011,1005,root
1006,Simona,Morasca,7285769734,simona@morasca.com,23/05/1972,3 Mcauley Dr,Ashland,Ashland,44805,1006,root
1007,Mitsue,Tollner,7463625754,mitsue_tollner@yahoo.com,29/01/1986,7 Eads St,Chicago,Cook,60632,1007,root
1008,Leota,Dilliard,7476821067,leota@hotmail.com,12/09/1995,7 W Jackson Blvd,San Jose,Santa Clara,95111,1008,root
1009,Sage,Wieser,7496861252,sage_wieser@cox.net,21/12/1968,5 Boston Ave #88,Sioux Falls,Minnehaha,57105,1009,root
1010,Kris,Marrier,7868496206,kris@gmail.com,23/05/1972,228 Runamuck Pl #2808,Baltimore,Baltimore City,21224,1010,root
1011,Minna,Amigon,7285769734,minna_amigon@yahoo.com,29/01/1986,2371 Jerrold Ave,Kulpsville,Montgomery,19443,1011,root
1012,Abel,Maclead,7463625754,amaclead@gmail.com,12/09/1995,37275 St  Rt 17m M,Middle Island,Suffolk,11953,1012,root
1013,Kiley,Caldarera,7476821067,kiley.caldarera@aol.com,21/12/1968,25 E 75th St #69,Los Angeles,Los Angeles,90034,1013,root
1014,Graciela,Ruta,7496861252,gruta@cox.net,23/04/1990,98 Connecticut Ave Nw,Chagrin Falls,Geauga,44023,1014,root
1015,Cammy,Albares,7868496206,calbares@gmail.com,23/05/1972,56 E Morehead St,Laredo,Webb,78045,1015,root
1016,Mattie,Poquette,7285769734,mattie@aol.com,29/01/1986,73 State Road 434 E,Phoenix,Maricopa,85013,1016,root
1017,Meaghan,Garufi,7463625754,meaghan@hotmail.com,12/09/1995,69734 E Carrillo St,Mc Minnville,Warren,37110,1017,root
1018,Gladys,Rim,7476821067,gladys.rim@rim.org,21/12/1968,322 New Horizon Blvd,Milwaukee,Milwaukee,53207,1018,root
1019,Yuki,Whobrey,7496861252,yuki_whobrey@aol.com,23/04/1990,1 State Route 27,Taylor,Wayne,48180,1019,root
1020,Fletcher,Flosi,7868496206,fletcher.flosi@yahoo.com,23/05/1972,394 Manchester Blvd,Rockford,Winnebago,61109,1020,root
1030,Bette,Nicka,7285769734,bette_nicka@cox.net,29/01/1986,6 S 33rd St,Aston,Delaware,19014,1030,root
1040,Veronika,Inouye,7463625754,vinouye@aol.com,12/09/1995,6 Greenleaf Ave,San Jose,Santa Clara,95111,1040,root
1050,Willard,Kolmetz,7476821067,willard@hotmail.com,21/12/1968,618 W Yakima Ave,Irving,Dallas,75062,1050,root
1060,Maryann,Royster,7496861252,mroyster@royster.com,23/04/1990,74 S Westgate St,Albany,Albany,12204,1060,root
1070,Alisha,Slusarski,7868496206,alisha@slusarski.com,23/05/1972,3273 State St,Middlesex,Middlesex,8846,1070,root
1080,Allene,Iturbide,7285769734,allene_iturbide@cox.net,29/01/1986,1 Central Ave,Stevens Point,Portage,54481,1080,root
1090,Chanel,Caudy,7463625754,chanel.caudy@caudy.org,12/09/1995,86 Nw 66th St #8673,Shawnee,Johnson,66218,1090,root
1100,Ezekiel,Chui,7476821067,ezekiel@chui.com,21/12/1968,2 Cedar Ave #84,Easton,Talbot,21601,1100,root
1101,Willow,Kusko,7496861252,wkusko@yahoo.com,23/04/1990,90991 Thorburn Ave,New York,New York,10011,1101,root
1102,Bernardo,Figeroa,7868496206,bfigeroa@aol.com,23/05/1972,386 9th Ave N,Conroe,Montgomery,77301,1102,root
1103,Ammie,Corrio,7285769734,ammie@corrio.com,29/01/1986,74874 Atlantic Ave,Columbus,Franklin,43215,1103,root
1104,Francine,Vocelka,7463625754,francine_vocelka@vocelka.com,12/09/1995,366 South Dr,Las Cruces,Dona Ana,88011,1104,root
1105,Ernie,Stenseth,7476821067,ernie_stenseth@aol.com,21/12/1968,45 E Liberty St,Ridgefield Park,Bergen,7660,1105,root
1106,Albina,Glick,7496861252,albina@glick.com,23/04/1990,4 Ralph Ct,Dunellen,Middlesex,8812,1106,root
1107,Alishia,Sergi,7868496206,asergi@gmail.com,23/05/1972,2742 Distribution Way,New York,New York,10025,1107,root
1108,Solange,Shinko,7285769734,solange@shinko.com,29/01/1986,426 Wolf St,Metairie,Jefferson,70002,1108,root
1109,Jose,Stockham,7463625754,jose@yahoo.com,12/09/1995,128 Bransten Rd,New York,New York,10011,1109,root
1110,Rozella,Ostrosky,7476821067,rozella.ostrosky@ostrosky.com,21/12/1968,17 Morena Blvd,Camarillo,Ventura,93012,1110,root
1111,Valentine,Gillian,7496861252,valentine_gillian@gmail.com,23/04/1990,775 W 17th St,San Antonio,Bexar,78204,1111,root
1112,Kati,Rulapaugh,7868496206,kati.rulapaugh@hotmail.com,23/05/1972,6980 Dorsett Rd,Abilene,Dickinson,67410,1112,root
1113,Youlanda,Schemmer,7285769734,youlanda@aol.com,29/01/1986,2881 Lewis Rd,Prineville,Crook,97754,1113,root
1114,Dyan,Oldroyd,7463625754,doldroyd@aol.com,12/09/1995,7219 Woodfield Rd,Overland Park,Johnson,66204,1114,root
1115,Roxane,Campain,7476821067,roxane@hotmail.com,21/12/1968,1048 Main St,Fairbanks,Fairbanks North Star,99708,1115,root
1116,Lavera,Perin,7496861252,lperin@perin.org,23/04/1990,678 3rd Ave,Miami,Miami-Dade,33196,1116,root
1117,Erick,Ferencz,7868496206,erick.ferencz@aol.com,23/05/1972,20 S Babcock St,Fairbanks,Fairbanks North Star,99712,1117,root
1118,Fatima,Saylors,7285769734,fsaylors@saylors.org,29/01/1986,2 Lighthouse Ave,Hopkins,Hennepin,55343,1118,root
1119,Jina,Briddick,7463625754,jina_briddick@briddick.com,12/09/1995,38938 Park Blvd,Boston,Suffolk,2128,1119,root
1120,Kanisha,Waycott,7476821067,kanisha_waycott@yahoo.com,21/12/1968,5 Tomahawk Dr,Los Angeles,Los Angeles,90006,1120,root
1121,Emerson,Bowley,7496861252,emerson.bowley@bowley.org,23/04/1990,762 S Main St,Madison,Dane,53711,1121,root
1122,Blair,Malet,7868496206,bmalet@yahoo.com,23/05/1972,209 Decker Dr,Philadelphia,Philadelphia,19132,1122,root
1123,Brock,Bolognia,7285769734,bbolognia@yahoo.com,29/01/1986,4486 W O St #1,New York,New York,10003,1123,root
1124,Lorrie,Nestle,7463625754,lnestle@hotmail.com,12/09/1995,39 S 7th St,Tullahoma,Coffee,37388,1124,root
1125,Sabra,Uyetake,7476821067,sabra@uyetake.org,21/12/1968,98839 Hawthorne Blvd #6101,Columbia,Richland,29201,1125,root
1126,Marjory,Mastella,7496861252,mmastella@mastella.com,23/04/1990,71 San Mateo Ave,Wayne,Delaware,19087,1126,root
1127,Karl,Klonowski,7868496206,karl_klonowski@yahoo.com,23/05/1972,76 Brooks St #9,Flemington,Hunterdon,8822,1127,root
1128,Tonette,Wenner,7285769734,twenner@aol.com,29/01/1986,4545 Courthouse Rd,Westbury,Nassau,11590,1128,root
1129,Amber,Monarrez,7463625754,amber_monarrez@monarrez.org,12/09/1995,14288 Foster Ave #4121,Jenkintown,Montgomery,19046,1129,root
1130,Shenika,Seewald,7476821067,shenika@gmail.com,21/12/1968,4 Otis St,Van Nuys,Los Angeles,91405,1130,root
1131,Delmy,Ahle,7496861252,delmy.ahle@hotmail.com,23/04/1990,65895 S 16th St,Providence,Providence,2909,1131,root
1132,Deeanna,Juhas,7868496206,deeanna_juhas@gmail.com,23/05/1972,14302 Pennsylvania Ave,Huntingdon Valley,Montgomery,19006,1132,root
1133,Blondell,Pugh,7285769734,bpugh@aol.com,29/01/1986,201 Hawk Ct,Providence,Providence,2904,1133,root
1134,Jamal,Vanausdal,7463625754,jamal@vanausdal.org,12/09/1995,53075 Sw 152nd Ter #615,Monroe Township,Middlesex,8831,1134,root
1135,Cecily,Hollack,7476821067,cecily@hollack.org,21/12/1968,59 N Groesbeck Hwy,Austin,Travis,78731,1135,root
1136,Carmelina,Lindall,7496861252,carmelina_lindall@lindall.com,23/04/1990,2664 Lewis Rd,Littleton,Douglas,80126,1136,root
1137,Maurine,Yglesias,7868496206,maurine_yglesias@yglesias.com,23/05/1972,59 Shady Ln #53,Milwaukee,Milwaukee,53214,1137,root
1138,Tawna,Buvens,7285769734,tawna@gmail.com,29/01/1986,3305 Nabell Ave #679,New York,New York,10009,1138,root
1139,Penney,Weight,7463625754,penney_weight@aol.com,12/09/1995,18 Fountain St,Anchorage,Anchorage,99515,1139,root
1140,Elly,Morocco,7476821067,elly_morocco@gmail.com,21/12/1968,7 W 32nd St,Erie,Erie,16502,1140,root
1141,Ilene,Eroman,7496861252,ilene.eroman@hotmail.com,23/04/1990,2853 S Central Expy,Glen Burnie,Anne Arundel,21061,1141,root
1142,Vallie,Mondella,7868496206,vmondella@mondella.com,23/05/1972,74 W College St,Boise,Ada,83707,1142,root
1143,Kallie,Blackwood,7285769734,kallie.blackwood@gmail.com,29/01/1986,701 S Harrison Rd,San Francisco,San Francisco,94104,1143,root
1144,Johnetta,Abdallah,7463625754,johnetta_abdallah@aol.com,12/09/1995,1088 Pinehurst St,Chapel Hill,Orange,27514,1144,root
1145,Bobbye,Rhym,7476821067,brhym@rhym.com,21/12/1968,30 W 80th St #1995,San Carlos,San Mateo,94070,1145,root
1146,Micaela,Rhymes,7496861252,micaela_rhymes@gmail.com,23/04/1990,20932 Hedley St,Concord,Contra Costa,94520,1146,root
1147,Tamar,Hoogland,7868496206,tamar@hotmail.com,23/05/1972,2737 Pistorio Rd #9230,London,Madison,43140,1147,root
1148,Moon,Parlato,7285769734,moon@yahoo.com,29/01/1986,74989 Brandon St,Wellsville,Allegany,14895,1148,root
1149,Laurel,Reitler,7463625754,laurel_reitler@reitler.com,12/09/1995,6 Kains Ave,Baltimore,Baltimore City,21215,1149,root
1150,Delisa,Crupi,7476821067,delisa.crupi@crupi.com,21/12/1968,47565 W Grand Ave,Newark,Essex,7105,1150,root
1151,Viva,Toelkes,7496861252,viva.toelkes@gmail.com,23/04/1990,4284 Dorigo Ln,Chicago,Cook,60647,1151,root
1152,Elza,Lipke,7868496206,elza@yahoo.com,23/05/1972,6794 Lake Dr E,Newark,Essex,7104,1152,root
1153,Devorah,Chickering,7285769734,devorah@hotmail.com,29/01/1986,31 Douglas Blvd #950,Clovis,Curry,88101,1153,root
1154,Timothy,Mulqueen,7463625754,timothy_mulqueen@mulqueen.org,12/09/1995,44 W 4th St,Staten Island,Richmond,10309,1154,root
1155,Arlette,Honeywell,7476821067,ahoneywell@honeywell.com,21/12/1968,11279 Loytan St,Jacksonville,Duval,32254,1155,root
1156,Dominque,Dickerson,7496861252,dominque.dickerson@dickerson.org,23/04/1990,69 Marquette Ave,Hayward,Alameda,94545,1156,root
1157,Lettie,Isenhower,7868496206,lettie_isenhower@yahoo.com,23/05/1972,70 W Main St,Beachwood,Cuyahoga,44122,1157,root
1158,Myra,Munns,7285769734,mmunns@cox.net,29/01/1986,461 Prospect Pl #316,Euless,Tarrant,76040,1158,root
1159,Stephaine,Barfield,7463625754,stephaine@barfield.com,12/09/1995,47154 Whipple Ave Nw,Gardena,Los Angeles,90247,1159,root
1160,Lai,Gato,7476821067,lai.gato@gato.org,21/12/1968,37 Alabama Ave,Evanston,Cook,60201,1160,root
1161,Stephen,Emigh,7496861252,stephen_emigh@hotmail.com,23/04/1990,3777 E Richmond St #900,Akron,Summit,44302,1161,root
1162,Tyra,Shields,7868496206,tshields@gmail.com,23/05/1972,3 Fort Worth Ave,Philadelphia,Philadelphia,19106,1162,root
1163,Tammara,Wardrip,7285769734,twardrip@cox.net,29/01/1986,4800 Black Horse Pike,Burlingame,San Mateo,94010,1163,root
1164,Cory,Gibes,7463625754,cory.gibes@gmail.com,12/09/1995,83649 W Belmont Ave,San Gabriel,Los Angeles,91776,1164,root
1165,Danica,Bruschke,7476821067,danica_bruschke@gmail.com,21/12/1968,840 15th Ave,Waco,McLennan,76708,1165,root
1166,Wilda,Giguere,7496861252,wilda@cox.net,23/04/1990,1747 Calle Amanecer #2,Anchorage,Anchorage,99501,1166,root
1167,Elvera,Benimadho,7868496206,elvera.benimadho@cox.net,23/05/1972,99385 Charity St #840,San Jose,Santa Clara,95110,1167,root
1168,Carma,Vanheusen,7285769734,carma@cox.net,29/01/1986,68556 Central Hwy,San Leandro,Alameda,94577,1168,root
1169,Malinda,Hochard,7463625754,malinda.hochard@yahoo.com,12/09/1995,55 Riverside Ave,Indianapolis,Marion,46202,1169,root
1170,Natalie,Fern,7476821067,natalie.fern@hotmail.com,21/12/1968,7140 University Ave,Rock Springs,Sweetwater,82901,1170,root
1171,Lisha,Centini,7496861252,lisha@centini.org,23/04/1990,64 5th Ave #1153,Mc Lean,Fairfax,22102,1171,root
